,close,date,high,low,open,volume
0,304.4,2018-10-01 09:30:00+05:30,304.4,304.4,304.4,150
1,304.4,2018-10-01 09:45:00+05:30,304.4,304.4,304.4,0
2,286.5,2018-10-01 10:00:00+05:30,304.4,286.5,304.4,225
3,288.85,2018-10-01 10:15:00+05:30,290.05,286.45,286.5,825
4,294.85,2018-10-01 10:30:00+05:30,294.85,288.85,288.85,75
5,294.85,2018-10-01 10:45:00+05:30,294.85,294.85,294.85,0
6,300.6,2018-10-01 11:00:00+05:30,302.95,294.85,294.85,1275
7,318.4,2018-10-01 11:15:00+05:30,318.4,300.6,300.6,225
8,316.4,2018-10-01 11:30:00+05:30,318.4,316.4,318.4,150
9,320.2,2018-10-01 11:45:00+05:30,320.45,316.4,316.4,600
10,320.2,2018-10-01 12:00:00+05:30,320.2,320.2,320.2,0
11,312.1,2018-10-01 12:15:00+05:30,320.2,311.45,320.2,300
12,293.0,2018-10-01 12:30:00+05:30,315.7,293.0,312.1,975
13,288.0,2018-10-01 12:45:00+05:30,296.0,281.95,293.0,675
14,294.3,2018-10-01 13:00:00+05:30,295.0,288.0,288.0,300
15,288.0,2018-10-01 13:15:00+05:30,295.4,288.0,294.3,375
16,291.8,2018-10-01 13:30:00+05:30,291.8,283.95,288.0,975
17,291.8,2018-10-01 13:45:00+05:30,291.8,291.8,291.8,0
18,291.8,2018-10-01 14:00:00+05:30,291.8,291.8,291.8,0
19,262.35,2018-10-01 14:15:00+05:30,291.8,262.35,291.8,75
20,263.75,2018-10-01 14:30:00+05:30,263.75,262.35,262.35,150
21,241.55,2018-10-01 14:45:00+05:30,263.75,241.55,263.75,450
22,232.7,2018-10-01 15:00:00+05:30,241.55,232.7,241.55,4050
23,214.9,2018-10-01 15:15:00+05:30,232.7,214.9,232.7,225
24,255.0,2018-10-03 09:15:00+05:30,255.35,252.4,252.8,375
25,255.0,2018-10-03 09:30:00+05:30,255.0,255.0,255.0,0
26,278.9,2018-10-03 09:45:00+05:30,281.9,255.0,255.0,825
27,267.7,2018-10-03 10:00:00+05:30,279.05,267.7,278.9,300
28,267.7,2018-10-03 10:15:00+05:30,267.7,267.7,267.7,0
29,267.7,2018-10-03 10:30:00+05:30,267.7,267.7,267.7,0
30,272.9,2018-10-03 10:45:00+05:30,272.9,267.7,267.7,75
31,272.9,2018-10-03 11:00:00+05:30,272.9,272.9,272.9,0
32,272.9,2018-10-03 11:15:00+05:30,272.9,272.9,272.9,0
33,267.85,2018-10-03 11:30:00+05:30,272.9,267.85,272.9,150
34,267.85,2018-10-03 11:45:00+05:30,267.85,267.85,267.85,0
35,248.0,2018-10-03 12:00:00+05:30,267.85,247.65,267.85,150
36,248.0,2018-10-03 12:15:00+05:30,248.0,248.0,248.0,0
37,256.2,2018-10-03 12:30:00+05:30,256.2,248.0,248.0,150
38,256.2,2018-10-03 12:45:00+05:30,256.2,256.2,256.2,0
39,253.1,2018-10-03 13:00:00+05:30,261.75,253.1,256.2,450
40,248.95,2018-10-03 13:15:00+05:30,253.1,248.95,253.1,225
41,256.45,2018-10-03 13:30:00+05:30,256.45,248.95,248.95,150
42,256.45,2018-10-03 13:45:00+05:30,256.45,256.45,256.45,0
43,256.45,2018-10-03 14:00:00+05:30,256.45,256.45,256.45,0
44,271.65,2018-10-03 14:15:00+05:30,271.65,256.45,256.45,225
45,280.0,2018-10-03 14:30:00+05:30,280.0,267.1,271.65,225
46,291.0,2018-10-03 14:45:00+05:30,293.3,277.0,280.0,975
47,296.1,2018-10-03 15:00:00+05:30,300.0,291.0,291.0,225
48,297.4,2018-10-03 15:15:00+05:30,300.45,296.1,296.1,750
49,361.85,2018-10-04 09:15:00+05:30,378.0,355.0,378.0,300
50,365.0,2018-10-04 09:30:00+05:30,365.0,358.0,361.85,150
51,360.0,2018-10-04 09:45:00+05:30,365.0,360.0,365.0,75
52,374.05,2018-10-04 10:00:00+05:30,374.85,360.0,360.0,300
53,374.05,2018-10-04 10:15:00+05:30,374.05,374.05,374.05,0
54,374.05,2018-10-04 10:30:00+05:30,374.05,374.05,374.05,0
55,374.05,2018-10-04 10:45:00+05:30,374.05,374.05,374.05,0
56,385.9,2018-10-04 11:00:00+05:30,385.9,374.05,374.05,75
57,385.9,2018-10-04 11:15:00+05:30,385.9,385.9,385.9,0
58,405.6,2018-10-04 11:30:00+05:30,405.6,385.9,385.9,150
59,406.0,2018-10-04 11:45:00+05:30,406.0,405.6,405.6,150
60,406.0,2018-10-04 12:00:00+05:30,406.0,406.0,406.0,0
61,389.9,2018-10-04 12:15:00+05:30,406.0,389.45,406.0,300
62,389.9,2018-10-04 12:30:00+05:30,389.9,389.9,389.9,0
63,389.9,2018-10-04 12:45:00+05:30,389.9,389.9,389.9,0
64,389.9,2018-10-04 13:00:00+05:30,389.9,389.9,389.9,0
65,389.9,2018-10-04 13:15:00+05:30,389.9,389.9,389.9,0
66,409.85,2018-10-04 13:30:00+05:30,409.85,389.9,389.9,150
67,407.85,2018-10-04 13:45:00+05:30,409.85,407.85,409.85,150
68,407.85,2018-10-04 14:00:00+05:30,407.85,407.85,407.85,0
69,390.0,2018-10-04 14:15:00+05:30,407.85,390.0,407.85,75
70,373.85,2018-10-04 14:30:00+05:30,390.0,373.5,390.0,375
71,389.3,2018-10-04 14:45:00+05:30,389.3,368.35,373.85,300
72,378.1,2018-10-04 15:00:00+05:30,389.3,378.1,389.3,75
73,378.1,2018-10-04 15:15:00+05:30,378.1,378.1,378.1,0
74,447.85,2018-10-05 09:45:00+05:30,447.85,447.85,447.85,150
75,447.85,2018-10-05 10:00:00+05:30,447.85,447.85,447.85,0
76,470.0,2018-10-05 10:15:00+05:30,470.0,447.85,447.85,75
77,470.0,2018-10-05 10:30:00+05:30,470.0,470.0,470.0,0
78,470.0,2018-10-05 10:45:00+05:30,470.0,470.0,470.0,0
79,470.0,2018-10-05 11:00:00+05:30,470.0,470.0,470.0,0
80,470.0,2018-10-05 11:15:00+05:30,470.0,470.0,470.0,0
81,470.0,2018-10-05 11:30:00+05:30,470.0,470.0,470.0,0
82,485.0,2018-10-05 11:45:00+05:30,485.0,470.0,470.0,150
83,490.0,2018-10-05 12:00:00+05:30,490.0,485.0,485.0,150
84,485.45,2018-10-05 12:15:00+05:30,490.45,485.45,490.0,375
85,479.9,2018-10-05 12:30:00+05:30,485.45,479.9,485.45,150
86,479.9,2018-10-05 12:45:00+05:30,479.9,479.9,479.9,0
87,479.9,2018-10-05 13:00:00+05:30,479.9,479.9,479.9,0
88,479.9,2018-10-05 13:15:00+05:30,479.9,479.9,479.9,0
89,479.9,2018-10-05 13:30:00+05:30,479.9,479.9,479.9,0
90,479.9,2018-10-05 13:45:00+05:30,479.9,479.9,479.9,0
91,479.9,2018-10-05 14:00:00+05:30,479.9,479.9,479.9,0
92,479.9,2018-10-05 14:15:00+05:30,479.9,479.9,479.9,0
93,479.9,2018-10-05 14:30:00+05:30,479.9,479.9,479.9,0
94,469.05,2018-10-05 14:45:00+05:30,479.9,469.05,479.9,150
95,469.05,2018-10-05 15:00:00+05:30,469.05,469.05,469.05,0
96,469.05,2018-10-05 15:15:00+05:30,469.05,469.05,469.05,0
97,600.0,2018-10-08 10:30:00+05:30,600.0,600.0,600.0,75
98,600.0,2018-10-08 10:45:00+05:30,600.0,600.0,600.0,0
99,600.0,2018-10-08 11:00:00+05:30,600.0,600.0,600.0,0
100,558.9,2018-10-08 11:15:00+05:30,600.0,552.3,600.0,300
101,572.55,2018-10-08 11:30:00+05:30,572.55,558.9,558.9,300
102,572.55,2018-10-08 11:45:00+05:30,572.55,572.55,572.55,0
103,572.55,2018-10-08 12:00:00+05:30,572.55,572.55,572.55,0
104,572.55,2018-10-08 12:15:00+05:30,572.55,572.55,572.55,0
105,572.55,2018-10-08 12:30:00+05:30,572.55,572.55,572.55,0
106,572.55,2018-10-08 12:45:00+05:30,572.55,572.55,572.55,0
107,582.05,2018-10-08 13:00:00+05:30,582.05,572.55,572.55,75
108,600.0,2018-10-08 13:15:00+05:30,600.0,582.05,582.05,75
109,600.0,2018-10-08 13:30:00+05:30,600.0,600.0,600.0,0
110,600.0,2018-10-08 13:45:00+05:30,600.0,600.0,600.0,0
111,600.0,2018-10-08 14:00:00+05:30,600.0,600.0,600.0,0
112,600.0,2018-10-08 14:15:00+05:30,600.0,600.0,600.0,0
113,665.0,2018-10-08 14:30:00+05:30,665.0,600.0,600.0,75
114,665.0,2018-10-08 14:45:00+05:30,665.0,665.0,665.0,0
115,542.95,2018-10-08 15:00:00+05:30,665.0,536.0,665.0,375
116,540.0,2018-10-08 15:15:00+05:30,542.95,538.3,542.95,300
117,554.45,2018-10-09 09:15:00+05:30,554.45,539.15,539.15,225
118,554.45,2018-10-09 09:30:00+05:30,554.45,554.45,554.45,0
119,554.45,2018-10-09 09:45:00+05:30,554.45,554.45,554.45,0
120,568.15,2018-10-09 10:00:00+05:30,568.15,554.45,554.45,150
121,561.4,2018-10-09 10:15:00+05:30,568.15,561.4,568.15,75
122,561.4,2018-10-09 10:30:00+05:30,561.4,561.4,561.4,0
123,561.4,2018-10-09 10:45:00+05:30,561.4,561.4,561.4,0
124,561.4,2018-10-09 11:00:00+05:30,561.4,561.4,561.4,0
125,561.4,2018-10-09 11:15:00+05:30,561.4,561.4,561.4,0
126,561.4,2018-10-09 11:30:00+05:30,561.4,561.4,561.4,0
127,561.4,2018-10-09 11:45:00+05:30,561.4,561.4,561.4,0
128,561.4,2018-10-09 12:00:00+05:30,561.4,561.4,561.4,0
129,561.4,2018-10-09 12:15:00+05:30,561.4,561.4,561.4,0
130,561.4,2018-10-09 12:30:00+05:30,561.4,561.4,561.4,0
131,561.4,2018-10-09 12:45:00+05:30,561.4,561.4,561.4,0
132,561.4,2018-10-09 13:00:00+05:30,561.4,561.4,561.4,0
133,561.4,2018-10-09 13:15:00+05:30,561.4,561.4,561.4,0
134,561.4,2018-10-09 13:30:00+05:30,561.4,561.4,561.4,0
135,561.4,2018-10-09 13:45:00+05:30,561.4,561.4,561.4,0
136,561.4,2018-10-09 14:00:00+05:30,561.4,561.4,561.4,0
137,561.4,2018-10-09 14:15:00+05:30,561.4,561.4,561.4,0
138,561.4,2018-10-09 14:30:00+05:30,561.4,561.4,561.4,0
139,561.4,2018-10-09 14:45:00+05:30,561.4,561.4,561.4,0
140,561.4,2018-10-09 15:00:00+05:30,561.4,561.4,561.4,0
141,561.4,2018-10-09 15:15:00+05:30,561.4,561.4,561.4,0
142,553.4,2018-10-10 09:45:00+05:30,553.4,553.4,553.4,75
143,553.4,2018-10-10 10:00:00+05:30,553.4,553.4,553.4,0
144,553.4,2018-10-10 10:15:00+05:30,553.4,553.4,553.4,0
145,553.4,2018-10-10 10:30:00+05:30,553.4,553.4,553.4,0
146,553.4,2018-10-10 10:45:00+05:30,553.4,553.4,553.4,0
147,553.4,2018-10-10 11:00:00+05:30,553.4,553.4,553.4,0
148,553.4,2018-10-10 11:15:00+05:30,553.4,553.4,553.4,0
149,553.4,2018-10-10 11:30:00+05:30,553.4,553.4,553.4,0
150,553.4,2018-10-10 11:45:00+05:30,553.4,553.4,553.4,0
151,553.4,2018-10-10 12:00:00+05:30,553.4,553.4,553.4,0
152,553.4,2018-10-10 12:15:00+05:30,553.4,553.4,553.4,0
153,553.4,2018-10-10 12:30:00+05:30,553.4,553.4,553.4,0
154,553.4,2018-10-10 12:45:00+05:30,553.4,553.4,553.4,0
155,553.4,2018-10-10 13:00:00+05:30,553.4,553.4,553.4,0
156,553.4,2018-10-10 13:15:00+05:30,553.4,553.4,553.4,0
157,495.2,2018-10-10 13:30:00+05:30,553.4,495.2,553.4,375
158,495.2,2018-10-10 13:45:00+05:30,495.2,495.2,495.2,0
159,505.85,2018-10-10 14:00:00+05:30,505.85,495.2,495.2,150
160,505.85,2018-10-10 14:15:00+05:30,505.85,505.85,505.85,0
161,505.85,2018-10-10 14:30:00+05:30,505.85,505.85,505.85,0
162,489.55,2018-10-10 14:45:00+05:30,505.85,489.55,505.85,225
163,489.55,2018-10-10 15:00:00+05:30,489.55,489.55,489.55,0
164,489.55,2018-10-10 15:15:00+05:30,489.55,489.55,489.55,0
165,625.95,2018-10-11 13:45:00+05:30,625.95,625.95,625.95,75
166,646.15,2018-10-11 14:00:00+05:30,646.15,625.95,625.95,75
167,646.15,2018-10-11 14:15:00+05:30,646.15,646.15,646.15,0
168,646.15,2018-10-11 14:30:00+05:30,646.15,646.15,646.15,0
169,646.15,2018-10-11 14:45:00+05:30,646.15,646.15,646.15,0
170,646.15,2018-10-11 15:00:00+05:30,646.15,646.15,646.15,0
171,646.15,2018-10-11 15:15:00+05:30,646.15,646.15,646.15,0
172,566.9,2018-10-12 09:30:00+05:30,566.9,566.9,566.9,75
173,566.9,2018-10-12 09:45:00+05:30,566.9,566.9,566.9,0
174,566.9,2018-10-12 10:00:00+05:30,566.9,566.9,566.9,0
175,566.9,2018-10-12 10:15:00+05:30,566.9,566.9,566.9,0
176,566.9,2018-10-12 10:30:00+05:30,566.9,566.9,566.9,0
177,521.2,2018-10-12 10:45:00+05:30,566.9,521.2,566.9,150
178,521.2,2018-10-12 11:00:00+05:30,521.2,521.2,521.2,0
179,521.2,2018-10-12 11:15:00+05:30,521.2,521.2,521.2,0
180,521.2,2018-10-12 11:30:00+05:30,521.2,521.2,521.2,0
181,521.2,2018-10-12 11:45:00+05:30,521.2,521.2,521.2,0
182,521.2,2018-10-12 12:00:00+05:30,521.2,521.2,521.2,0
183,521.2,2018-10-12 12:15:00+05:30,521.2,521.2,521.2,0
184,521.2,2018-10-12 12:30:00+05:30,521.2,521.2,521.2,0
185,521.2,2018-10-12 12:45:00+05:30,521.2,521.2,521.2,0
186,521.2,2018-10-12 13:00:00+05:30,521.2,521.2,521.2,0
187,521.2,2018-10-12 13:15:00+05:30,521.2,521.2,521.2,0
188,521.2,2018-10-12 13:30:00+05:30,521.2,521.2,521.2,0
189,521.2,2018-10-12 13:45:00+05:30,521.2,521.2,521.2,0
190,521.2,2018-10-12 14:00:00+05:30,521.2,521.2,521.2,0
191,521.2,2018-10-12 14:15:00+05:30,521.2,521.2,521.2,0
192,521.2,2018-10-12 14:30:00+05:30,521.2,521.2,521.2,0
193,521.2,2018-10-12 14:45:00+05:30,521.2,521.2,521.2,0
194,521.2,2018-10-12 15:00:00+05:30,521.2,521.2,521.2,0
195,521.2,2018-10-12 15:15:00+05:30,521.2,521.2,521.2,0
196,530.0,2018-10-15 10:30:00+05:30,530.0,530.0,530.0,75
197,530.0,2018-10-15 10:45:00+05:30,530.0,530.0,530.0,75
198,530.0,2018-10-15 11:00:00+05:30,530.0,530.0,530.0,0
199,530.0,2018-10-15 11:15:00+05:30,530.0,530.0,530.0,0
200,530.0,2018-10-15 11:30:00+05:30,530.0,530.0,530.0,0
201,530.0,2018-10-15 11:45:00+05:30,530.0,530.0,530.0,0
202,530.0,2018-10-15 12:00:00+05:30,530.0,530.0,530.0,0
203,530.0,2018-10-15 12:15:00+05:30,530.0,530.0,530.0,0
204,530.0,2018-10-15 12:30:00+05:30,530.0,530.0,530.0,0
205,530.0,2018-10-15 12:45:00+05:30,530.0,530.0,530.0,0
206,530.0,2018-10-15 13:00:00+05:30,530.0,530.0,530.0,0
207,530.0,2018-10-15 13:15:00+05:30,530.0,530.0,530.0,0
208,530.0,2018-10-15 13:30:00+05:30,530.0,530.0,530.0,0
209,530.0,2018-10-15 13:45:00+05:30,530.0,530.0,530.0,0
210,530.0,2018-10-15 14:00:00+05:30,530.0,530.0,530.0,0
211,530.0,2018-10-15 14:15:00+05:30,530.0,530.0,530.0,0
212,530.0,2018-10-15 14:30:00+05:30,530.0,530.0,530.0,0
213,530.0,2018-10-15 14:45:00+05:30,530.0,530.0,530.0,0
214,530.0,2018-10-15 15:00:00+05:30,530.0,530.0,530.0,0
215,530.0,2018-10-15 15:15:00+05:30,530.0,530.0,530.0,0
216,400.0,2018-10-16 15:00:00+05:30,402.0,400.0,400.0,450
217,400.0,2018-10-16 15:15:00+05:30,400.0,400.0,400.0,0
218,340.05,2018-10-17 09:15:00+05:30,340.05,340.05,340.05,75
219,335.35,2018-10-17 09:30:00+05:30,340.05,335.35,340.05,150
220,360.15,2018-10-17 09:45:00+05:30,360.15,335.35,335.35,750
221,362.1,2018-10-17 10:00:00+05:30,363.25,360.15,360.15,1275
222,362.1,2018-10-17 10:15:00+05:30,362.1,362.1,362.1,0
223,370.0,2018-10-17 10:30:00+05:30,370.0,362.1,362.1,75
224,370.0,2018-10-17 10:45:00+05:30,370.0,370.0,370.0,0
225,370.0,2018-10-17 11:00:00+05:30,370.0,370.0,370.0,0
226,375.0,2018-10-17 11:15:00+05:30,375.0,370.0,370.0,600
227,375.0,2018-10-17 11:30:00+05:30,375.0,375.0,375.0,0
228,390.0,2018-10-17 11:45:00+05:30,390.0,375.0,375.0,225
229,374.0,2018-10-17 12:00:00+05:30,390.0,374.0,390.0,900
230,374.0,2018-10-17 12:15:00+05:30,374.0,374.0,374.0,0
231,374.0,2018-10-17 12:30:00+05:30,374.0,374.0,374.0,0
232,374.0,2018-10-17 12:45:00+05:30,374.0,374.0,374.0,0
233,374.0,2018-10-17 13:00:00+05:30,374.0,374.0,374.0,0
234,405.35,2018-10-17 13:15:00+05:30,405.7,374.0,374.0,375
235,405.35,2018-10-17 13:30:00+05:30,405.35,405.35,405.35,0
236,405.35,2018-10-17 13:45:00+05:30,405.35,405.35,405.35,0
237,405.35,2018-10-17 14:00:00+05:30,405.35,405.35,405.35,0
238,405.35,2018-10-17 14:15:00+05:30,405.35,405.35,405.35,0
239,405.35,2018-10-17 14:30:00+05:30,405.35,405.35,405.35,0
240,405.35,2018-10-17 14:45:00+05:30,405.35,405.35,405.35,0
241,492.85,2018-10-17 15:00:00+05:30,492.85,405.35,405.35,225
242,492.85,2018-10-17 15:15:00+05:30,492.85,492.85,492.85,0
243,571.0,2018-10-22 09:15:00+05:30,579.55,571.0,579.55,1500
244,585.0,2018-10-22 09:30:00+05:30,585.0,571.0,571.0,2100
245,585.0,2018-10-22 09:45:00+05:30,585.0,585.0,585.0,0
246,585.0,2018-10-22 10:00:00+05:30,585.0,585.0,585.0,0
247,585.0,2018-10-22 10:15:00+05:30,585.0,585.0,585.0,0
248,585.0,2018-10-22 10:30:00+05:30,585.0,585.0,585.0,0
249,585.0,2018-10-22 10:45:00+05:30,585.0,585.0,585.0,0
250,585.0,2018-10-22 11:00:00+05:30,585.0,585.0,585.0,0
251,581.45,2018-10-22 11:15:00+05:30,585.0,581.45,585.0,75
252,581.45,2018-10-22 11:30:00+05:30,581.45,581.45,581.45,0
253,570.0,2018-10-22 11:45:00+05:30,581.45,570.0,581.45,1350
254,570.0,2018-10-22 12:00:00+05:30,570.0,570.0,570.0,0
255,570.0,2018-10-22 12:15:00+05:30,570.0,570.0,570.0,0
256,561.75,2018-10-22 12:30:00+05:30,570.0,561.75,570.0,75
257,561.75,2018-10-22 12:45:00+05:30,561.75,561.75,561.75,0
258,561.75,2018-10-22 13:00:00+05:30,561.75,561.75,561.75,0
259,565.0,2018-10-22 13:15:00+05:30,565.0,561.75,561.75,75
260,565.0,2018-10-22 13:30:00+05:30,565.0,565.0,565.0,0
261,565.0,2018-10-22 13:45:00+05:30,565.0,565.0,565.0,0
262,565.0,2018-10-22 14:00:00+05:30,565.0,565.0,565.0,0
263,580.0,2018-10-22 14:15:00+05:30,580.0,565.0,565.0,75
264,573.0,2018-10-22 14:30:00+05:30,580.0,573.0,580.0,75
265,573.0,2018-10-22 14:45:00+05:30,573.0,573.0,573.0,0
266,573.0,2018-10-22 15:00:00+05:30,573.0,573.0,573.0,0
267,573.0,2018-10-22 15:15:00+05:30,573.0,573.0,573.0,0
268,740.0,2018-10-23 14:00:00+05:30,740.0,740.0,740.0,75
269,740.0,2018-10-23 14:15:00+05:30,740.0,740.0,740.0,0
270,750.0,2018-10-23 14:30:00+05:30,750.0,740.0,740.0,75
271,750.0,2018-10-23 14:45:00+05:30,750.0,750.0,750.0,0
272,750.0,2018-10-23 15:00:00+05:30,750.0,750.0,750.0,0
273,750.0,2018-10-23 15:15:00+05:30,750.0,750.0,750.0,0
274,670.0,2018-10-24 10:30:00+05:30,670.0,670.0,670.0,75
275,670.0,2018-10-24 10:45:00+05:30,670.0,670.0,670.0,0
276,670.0,2018-10-24 11:00:00+05:30,670.0,670.0,670.0,0
277,670.0,2018-10-24 11:15:00+05:30,670.0,670.0,670.0,0
278,670.0,2018-10-24 11:30:00+05:30,670.0,670.0,670.0,0
279,670.0,2018-10-24 11:45:00+05:30,670.0,670.0,670.0,0
280,670.0,2018-10-24 12:00:00+05:30,670.0,670.0,670.0,0
281,670.0,2018-10-24 12:15:00+05:30,670.0,670.0,670.0,0
282,669.85,2018-10-24 12:30:00+05:30,670.0,669.85,670.0,75
283,669.85,2018-10-24 12:45:00+05:30,669.85,669.85,669.85,0
284,669.85,2018-10-24 13:00:00+05:30,669.85,669.85,669.85,0
285,669.85,2018-10-24 13:15:00+05:30,669.85,669.85,669.85,0
286,669.85,2018-10-24 13:30:00+05:30,669.85,669.85,669.85,0
287,669.85,2018-10-24 13:45:00+05:30,669.85,669.85,669.85,0
288,669.85,2018-10-24 14:00:00+05:30,669.85,669.85,669.85,0
289,669.85,2018-10-24 14:15:00+05:30,669.85,669.85,669.85,0
290,669.85,2018-10-24 14:30:00+05:30,669.85,669.85,669.85,0
291,669.85,2018-10-24 14:45:00+05:30,669.85,669.85,669.85,0
292,669.85,2018-10-24 15:00:00+05:30,669.85,669.85,669.85,0
293,669.85,2018-10-24 15:15:00+05:30,669.85,669.85,669.85,0
294,700.0,2018-10-25 10:15:00+05:30,700.0,700.0,700.0,150
295,700.0,2018-10-25 10:30:00+05:30,700.0,700.0,700.0,0
296,700.0,2018-10-25 10:45:00+05:30,700.0,700.0,700.0,0
297,700.0,2018-10-25 11:00:00+05:30,700.0,700.0,700.0,0
298,700.0,2018-10-25 11:15:00+05:30,700.0,700.0,700.0,0
299,700.0,2018-10-25 11:30:00+05:30,700.0,700.0,700.0,0
300,725.0,2018-10-25 11:45:00+05:30,725.0,700.0,700.0,75
301,725.0,2018-10-25 12:00:00+05:30,725.0,725.0,725.0,0
302,725.0,2018-10-25 12:15:00+05:30,725.0,725.0,725.0,0
303,725.0,2018-10-25 12:30:00+05:30,725.0,725.0,725.0,0
304,725.0,2018-10-25 12:45:00+05:30,725.0,725.0,725.0,0
305,700.0,2018-10-25 13:00:00+05:30,725.0,700.0,725.0,450
306,700.0,2018-10-25 13:15:00+05:30,700.0,700.0,700.0,0
307,700.0,2018-10-25 13:30:00+05:30,700.0,700.0,700.0,0
308,700.0,2018-10-25 13:45:00+05:30,700.0,700.0,700.0,0
309,700.0,2018-10-25 14:00:00+05:30,700.0,700.0,700.0,0
310,700.0,2018-10-25 14:15:00+05:30,700.0,700.0,700.0,0
311,700.0,2018-10-25 14:30:00+05:30,700.0,700.0,700.0,0
312,700.0,2018-10-25 14:45:00+05:30,700.0,700.0,700.0,0
313,700.0,2018-10-25 15:00:00+05:30,700.0,700.0,700.0,0
314,700.0,2018-10-25 15:15:00+05:30,700.0,700.0,700.0,0
315,785.5,2018-10-26 13:00:00+05:30,785.5,785.5,785.5,300
316,785.5,2018-10-26 13:15:00+05:30,785.5,785.5,785.5,0
317,785.5,2018-10-26 13:30:00+05:30,785.5,785.5,785.5,0
318,780.0,2018-10-26 13:45:00+05:30,795.0,779.95,785.5,675
319,780.0,2018-10-26 14:00:00+05:30,780.0,780.0,780.0,0
320,780.0,2018-10-26 14:15:00+05:30,780.0,780.0,780.0,0
321,780.0,2018-10-26 14:30:00+05:30,780.0,780.0,780.0,0
322,780.0,2018-10-26 14:45:00+05:30,780.0,780.0,780.0,0
323,780.0,2018-10-26 15:00:00+05:30,780.0,780.0,780.0,0
324,780.0,2018-10-26 15:15:00+05:30,780.0,780.0,780.0,0
325,618.0,2018-10-30 10:30:00+05:30,618.0,612.0,612.0,150
326,620.0,2018-10-30 10:45:00+05:30,620.0,618.0,618.0,75
327,620.0,2018-10-30 11:00:00+05:30,620.0,620.0,620.0,0
328,620.0,2018-10-30 11:15:00+05:30,620.0,620.0,620.0,0
329,620.0,2018-10-30 11:30:00+05:30,620.0,620.0,620.0,0
330,620.0,2018-10-30 11:45:00+05:30,620.0,620.0,620.0,0
331,620.0,2018-10-30 12:00:00+05:30,620.0,620.0,620.0,0
332,620.0,2018-10-30 12:15:00+05:30,620.0,620.0,620.0,0
333,620.0,2018-10-30 12:30:00+05:30,620.0,620.0,620.0,0
334,620.0,2018-10-30 12:45:00+05:30,620.0,620.0,620.0,0
335,620.0,2018-10-30 13:00:00+05:30,620.0,620.0,620.0,0
336,620.0,2018-10-30 13:15:00+05:30,620.0,620.0,620.0,0
337,620.0,2018-10-30 13:30:00+05:30,620.0,620.0,620.0,0
338,620.0,2018-10-30 13:45:00+05:30,620.0,620.0,620.0,0
339,620.0,2018-10-30 14:00:00+05:30,620.0,620.0,620.0,0
340,620.0,2018-10-30 14:15:00+05:30,620.0,620.0,620.0,0
341,620.0,2018-10-30 14:30:00+05:30,620.0,620.0,620.0,0
342,620.0,2018-10-30 14:45:00+05:30,620.0,620.0,620.0,0
343,620.0,2018-10-30 15:00:00+05:30,620.0,620.0,620.0,0
344,620.0,2018-10-30 15:15:00+05:30,620.0,620.0,620.0,0
345,606.0,2018-10-31 13:30:00+05:30,616.0,606.0,616.0,150
346,592.0,2018-10-31 13:45:00+05:30,606.0,592.0,606.0,150
347,580.0,2018-10-31 14:00:00+05:30,592.0,580.0,592.0,150
348,580.0,2018-10-31 14:15:00+05:30,580.0,580.0,580.0,75
349,580.0,2018-10-31 14:30:00+05:30,580.0,580.0,580.0,0
350,537.0,2018-10-31 14:45:00+05:30,580.0,537.0,580.0,150
351,519.0,2018-10-31 15:00:00+05:30,537.0,519.0,537.0,225
352,524.0,2018-10-31 15:15:00+05:30,524.0,519.0,519.0,75
353,502.0,2018-11-01 09:15:00+05:30,510.0,502.0,510.0,225
354,502.0,2018-11-01 09:30:00+05:30,502.0,502.0,502.0,0
355,502.0,2018-11-01 09:45:00+05:30,502.0,502.0,502.0,0
356,502.0,2018-11-01 10:00:00+05:30,502.0,502.0,502.0,0
357,502.0,2018-11-01 10:15:00+05:30,502.0,502.0,502.0,0
358,502.0,2018-11-01 10:30:00+05:30,502.0,502.0,502.0,0
359,502.0,2018-11-01 10:45:00+05:30,502.0,502.0,502.0,0
360,502.0,2018-11-01 11:00:00+05:30,502.0,502.0,502.0,0
361,502.0,2018-11-01 11:15:00+05:30,502.0,502.0,502.0,0
362,502.0,2018-11-01 11:30:00+05:30,502.0,502.0,502.0,0
363,502.0,2018-11-01 11:45:00+05:30,502.0,502.0,502.0,0
364,502.0,2018-11-01 12:00:00+05:30,502.0,502.0,502.0,0
365,502.0,2018-11-01 12:15:00+05:30,502.0,502.0,502.0,0
366,502.0,2018-11-01 12:30:00+05:30,502.0,502.0,502.0,0
367,502.0,2018-11-01 12:45:00+05:30,502.0,502.0,502.0,0
368,502.0,2018-11-01 13:00:00+05:30,502.0,502.0,502.0,0
369,502.0,2018-11-01 13:15:00+05:30,502.0,502.0,502.0,0
370,502.0,2018-11-01 13:30:00+05:30,502.0,502.0,502.0,0
371,502.0,2018-11-01 13:45:00+05:30,502.0,502.0,502.0,0
372,502.0,2018-11-01 14:00:00+05:30,502.0,502.0,502.0,0
373,502.0,2018-11-01 14:15:00+05:30,502.0,502.0,502.0,0
374,502.0,2018-11-01 14:30:00+05:30,502.0,502.0,502.0,0
375,502.0,2018-11-01 14:45:00+05:30,502.0,502.0,502.0,0
376,502.0,2018-11-01 15:00:00+05:30,502.0,502.0,502.0,0
377,502.0,2018-11-01 15:15:00+05:30,502.0,502.0,502.0,0
378,430.95,2018-11-02 09:30:00+05:30,444.4,430.95,444.4,600
379,402.45,2018-11-02 09:45:00+05:30,430.95,402.45,430.95,225
380,412.0,2018-11-02 10:00:00+05:30,419.8,402.45,402.45,600
381,405.9,2018-11-02 10:15:00+05:30,412.0,405.85,412.0,450
382,405.9,2018-11-02 10:30:00+05:30,405.9,405.9,405.9,0
383,406.0,2018-11-02 10:45:00+05:30,432.75,405.9,405.9,150
384,406.0,2018-11-02 11:00:00+05:30,406.0,406.0,406.0,0
385,406.0,2018-11-02 11:15:00+05:30,406.0,406.0,406.0,0
386,395.0,2018-11-02 11:30:00+05:30,437.2,395.0,406.0,150
387,404.0,2018-11-02 11:45:00+05:30,404.0,388.75,395.0,225
388,403.95,2018-11-02 12:00:00+05:30,404.0,400.75,404.0,150
389,403.95,2018-11-02 12:15:00+05:30,403.95,403.95,403.95,0
390,403.95,2018-11-02 12:30:00+05:30,403.95,403.95,403.95,0
391,403.95,2018-11-02 12:45:00+05:30,403.95,403.95,403.95,75
392,403.95,2018-11-02 13:00:00+05:30,403.95,403.95,403.95,0
393,403.95,2018-11-02 13:15:00+05:30,403.95,403.95,403.95,0
394,403.95,2018-11-02 13:30:00+05:30,403.95,403.95,403.95,0
395,385.0,2018-11-02 13:45:00+05:30,403.95,385.0,403.95,75
396,399.0,2018-11-02 14:00:00+05:30,399.0,385.0,385.0,75
397,420.0,2018-11-02 14:15:00+05:30,420.0,399.0,399.0,300
398,420.0,2018-11-02 14:30:00+05:30,420.0,420.0,420.0,0
399,422.0,2018-11-02 14:45:00+05:30,422.0,420.0,420.0,75
400,422.0,2018-11-02 15:00:00+05:30,422.0,422.0,422.0,0
401,422.0,2018-11-02 15:15:00+05:30,422.0,422.0,422.0,0
402,440.0,2018-11-05 09:15:00+05:30,440.0,432.35,440.0,450
403,440.0,2018-11-05 09:30:00+05:30,440.0,440.0,440.0,0
404,440.0,2018-11-05 09:45:00+05:30,440.0,440.0,440.0,0
405,422.0,2018-11-05 10:00:00+05:30,440.0,422.0,440.0,225
406,438.8,2018-11-05 10:15:00+05:30,438.8,422.0,422.0,75
407,438.8,2018-11-05 10:30:00+05:30,438.8,438.8,438.8,0
408,438.8,2018-11-05 10:45:00+05:30,438.8,438.8,438.8,0
409,438.8,2018-11-05 11:00:00+05:30,438.8,438.8,438.8,0
410,440.7,2018-11-05 11:15:00+05:30,445.25,438.8,438.8,225
411,440.7,2018-11-05 11:30:00+05:30,440.7,440.7,440.7,0
412,446.4,2018-11-05 11:45:00+05:30,446.4,440.7,440.7,225
413,441.2,2018-11-05 12:00:00+05:30,450.9,434.6,446.4,450
414,437.8,2018-11-05 12:15:00+05:30,441.2,437.45,441.2,525
415,432.95,2018-11-05 12:30:00+05:30,437.8,432.95,437.8,150
416,432.95,2018-11-05 12:45:00+05:30,432.95,432.95,432.95,0
417,440.9,2018-11-05 13:00:00+05:30,440.9,432.95,432.95,75
418,447.4,2018-11-05 13:15:00+05:30,447.4,440.9,440.9,75
419,443.55,2018-11-05 13:30:00+05:30,452.2,443.55,447.4,375
420,443.55,2018-11-05 13:45:00+05:30,443.55,443.55,443.55,0
421,440.45,2018-11-05 14:00:00+05:30,443.55,440.45,443.55,150
422,453.8,2018-11-05 14:15:00+05:30,453.8,440.45,440.45,75
423,454.4,2018-11-05 14:30:00+05:30,454.4,453.8,453.8,375
424,452.4,2018-11-05 14:45:00+05:30,454.4,444.0,454.4,300
425,435.55,2018-11-05 15:00:00+05:30,452.4,433.5,452.4,525
426,435.45,2018-11-05 15:15:00+05:30,435.55,427.15,435.55,375
427,400.2,2018-11-06 10:00:00+05:30,400.55,399.6,399.6,900
428,400.2,2018-11-06 10:15:00+05:30,400.2,400.2,400.2,0
429,393.05,2018-11-06 10:30:00+05:30,400.2,393.05,400.2,450
430,393.05,2018-11-06 10:45:00+05:30,393.05,393.05,393.05,0
431,393.05,2018-11-06 11:00:00+05:30,393.05,393.05,393.05,0
432,393.05,2018-11-06 11:15:00+05:30,393.05,393.05,393.05,0
433,393.05,2018-11-06 11:30:00+05:30,393.05,393.05,393.05,0
434,393.05,2018-11-06 11:45:00+05:30,393.05,393.05,393.05,0
435,393.05,2018-11-06 12:00:00+05:30,393.05,393.05,393.05,0
436,393.05,2018-11-06 12:15:00+05:30,393.05,393.05,393.05,0
437,393.05,2018-11-06 12:30:00+05:30,393.05,393.05,393.05,0
438,393.05,2018-11-06 12:45:00+05:30,393.05,393.05,393.05,0
439,393.05,2018-11-06 13:00:00+05:30,393.05,393.05,393.05,0
440,393.05,2018-11-06 13:15:00+05:30,393.05,393.05,393.05,0
441,393.05,2018-11-06 13:30:00+05:30,393.05,393.05,393.05,0
442,401.85,2018-11-06 13:45:00+05:30,401.85,393.05,393.05,75
443,401.85,2018-11-06 14:00:00+05:30,401.85,401.85,401.85,0
444,449.0,2018-11-06 14:15:00+05:30,449.0,401.85,401.85,75
445,426.0,2018-11-06 14:30:00+05:30,449.0,426.0,449.0,75
446,426.0,2018-11-06 14:45:00+05:30,426.0,426.0,426.0,0
447,426.0,2018-11-06 15:00:00+05:30,426.0,426.0,426.0,0
448,426.0,2018-11-06 15:15:00+05:30,426.0,426.0,426.0,0
449,377.15,2018-11-07 18:00:00+05:30,386.6,374.75,386.6,225
450,377.15,2018-11-07 18:15:00+05:30,377.15,377.15,377.15,0
451,376.0,2018-11-09 10:15:00+05:30,376.0,376.0,376.0,300
452,360.0,2018-11-09 10:30:00+05:30,376.0,360.0,376.0,75
453,360.0,2018-11-09 10:45:00+05:30,360.0,360.0,360.0,150
454,360.0,2018-11-09 11:00:00+05:30,360.0,360.0,360.0,0
455,360.0,2018-11-09 11:15:00+05:30,360.0,360.0,360.0,0
456,360.0,2018-11-09 11:30:00+05:30,360.0,360.0,360.0,0
457,360.0,2018-11-09 11:45:00+05:30,360.0,360.0,360.0,0
458,360.0,2018-11-09 12:00:00+05:30,360.0,360.0,360.0,0
459,360.0,2018-11-09 12:15:00+05:30,360.0,360.0,360.0,0
460,360.0,2018-11-09 12:30:00+05:30,360.0,360.0,360.0,0
461,360.0,2018-11-09 12:45:00+05:30,360.0,360.0,360.0,0
462,360.0,2018-11-09 13:00:00+05:30,360.0,360.0,360.0,0
463,360.0,2018-11-09 13:15:00+05:30,360.0,360.0,360.0,0
464,360.0,2018-11-09 13:30:00+05:30,360.0,360.0,360.0,0
465,360.0,2018-11-09 13:45:00+05:30,360.0,360.0,360.0,0
466,360.0,2018-11-09 14:00:00+05:30,360.0,360.0,360.0,0
467,360.0,2018-11-09 14:15:00+05:30,360.0,360.0,360.0,0
468,360.0,2018-11-09 14:30:00+05:30,360.0,360.0,360.0,0
469,360.0,2018-11-09 14:45:00+05:30,360.0,360.0,360.0,0
470,360.0,2018-11-09 15:00:00+05:30,360.0,360.0,360.0,0
471,360.0,2018-11-09 15:15:00+05:30,360.0,360.0,360.0,0
472,324.3,2018-11-12 09:30:00+05:30,324.3,324.3,324.3,75
473,324.3,2018-11-12 09:45:00+05:30,324.3,324.3,324.3,0
474,362.0,2018-11-12 10:00:00+05:30,362.0,324.3,324.3,75
475,362.0,2018-11-12 10:15:00+05:30,362.0,362.0,362.0,0
476,362.0,2018-11-12 10:30:00+05:30,362.0,362.0,362.0,0
477,362.0,2018-11-12 10:45:00+05:30,362.0,362.0,362.0,0
478,362.0,2018-11-12 11:00:00+05:30,362.0,362.0,362.0,0
479,366.7,2018-11-12 11:15:00+05:30,366.7,362.0,362.0,75
480,366.7,2018-11-12 11:30:00+05:30,366.7,366.7,366.7,0
481,366.7,2018-11-12 11:45:00+05:30,366.7,366.7,366.7,0
482,366.7,2018-11-12 12:00:00+05:30,366.7,366.7,366.7,0
483,366.7,2018-11-12 12:15:00+05:30,366.7,366.7,366.7,0
484,366.7,2018-11-12 12:30:00+05:30,366.7,366.7,366.7,0
485,366.7,2018-11-12 12:45:00+05:30,366.7,366.7,366.7,0
486,366.7,2018-11-12 13:00:00+05:30,366.7,366.7,366.7,0
487,366.7,2018-11-12 13:15:00+05:30,366.7,366.7,366.7,0
488,401.0,2018-11-12 13:30:00+05:30,401.0,366.7,366.7,150
489,401.0,2018-11-12 13:45:00+05:30,401.0,401.0,401.0,0
490,430.8,2018-11-12 14:00:00+05:30,430.8,401.0,401.0,75
491,428.0,2018-11-12 14:15:00+05:30,430.8,428.0,430.8,75
492,428.0,2018-11-12 14:30:00+05:30,428.0,428.0,428.0,0
493,428.0,2018-11-12 14:45:00+05:30,428.0,428.0,428.0,0
494,428.0,2018-11-12 15:00:00+05:30,428.0,428.0,428.0,0
495,428.0,2018-11-12 15:15:00+05:30,428.0,428.0,428.0,0
496,440.0,2018-11-13 09:45:00+05:30,440.0,414.1,436.85,525
497,439.0,2018-11-13 10:00:00+05:30,440.0,439.0,440.0,75
498,435.0,2018-11-13 10:15:00+05:30,439.0,430.0,439.0,675
499,440.0,2018-11-13 10:30:00+05:30,445.0,432.6,435.0,675
500,445.0,2018-11-13 10:45:00+05:30,450.0,440.0,440.0,600
501,440.0,2018-11-13 11:00:00+05:30,445.0,440.0,445.0,600
502,440.0,2018-11-13 11:15:00+05:30,440.0,440.0,440.0,0
503,435.0,2018-11-13 11:30:00+05:30,440.0,435.0,440.0,75
504,433.9,2018-11-13 11:45:00+05:30,435.0,361.95,435.0,300
505,433.9,2018-11-13 12:00:00+05:30,433.9,433.9,433.9,0
506,433.9,2018-11-13 12:15:00+05:30,433.9,433.9,433.9,0
507,433.9,2018-11-13 12:30:00+05:30,433.9,433.9,433.9,0
508,430.0,2018-11-13 12:45:00+05:30,433.9,430.0,433.9,75
509,408.5,2018-11-13 13:00:00+05:30,430.0,408.5,430.0,150
510,408.5,2018-11-13 13:15:00+05:30,408.5,408.5,408.5,0
511,382.25,2018-11-13 13:30:00+05:30,408.5,382.25,408.5,150
512,382.25,2018-11-13 13:45:00+05:30,382.25,382.25,382.25,0
513,382.25,2018-11-13 14:00:00+05:30,382.25,382.25,382.25,0
514,368.9,2018-11-13 14:15:00+05:30,382.25,360.0,382.25,150
515,370.4,2018-11-13 14:30:00+05:30,370.4,368.9,368.9,225
516,370.55,2018-11-13 14:45:00+05:30,370.55,370.4,370.4,150
517,335.4,2018-11-13 15:00:00+05:30,370.55,334.55,370.55,1275
518,353.05,2018-11-13 15:15:00+05:30,353.05,335.4,335.4,150
519,322.55,2018-11-14 09:15:00+05:30,322.55,322.55,322.55,150
520,350.35,2018-11-14 09:30:00+05:30,350.35,322.55,322.55,1350
521,370.8,2018-11-14 09:45:00+05:30,370.8,350.35,350.35,225
522,379.9,2018-11-14 10:00:00+05:30,379.9,370.8,370.8,150
523,388.0,2018-11-14 10:15:00+05:30,395.65,379.9,379.9,525
524,382.6,2018-11-14 10:30:00+05:30,388.0,382.6,388.0,75
525,382.6,2018-11-14 10:45:00+05:30,382.6,382.6,382.6,0
526,349.05,2018-11-14 11:00:00+05:30,382.6,349.05,382.6,225
527,349.05,2018-11-14 11:15:00+05:30,349.05,349.05,349.05,0
528,355.15,2018-11-14 11:30:00+05:30,355.15,349.05,349.05,375
529,355.15,2018-11-14 11:45:00+05:30,355.15,355.15,355.15,0
530,355.15,2018-11-14 12:00:00+05:30,355.15,355.15,355.15,0
531,344.55,2018-11-14 12:15:00+05:30,355.15,340.55,355.15,375
532,351.6,2018-11-14 12:30:00+05:30,351.8,344.55,344.55,450
533,353.75,2018-11-14 12:45:00+05:30,355.0,351.6,351.6,300
534,366.35,2018-11-14 13:00:00+05:30,382.6,353.75,353.75,2100
535,366.35,2018-11-14 13:15:00+05:30,366.35,366.35,366.35,0
536,366.35,2018-11-14 13:30:00+05:30,366.35,366.35,366.35,0
537,366.35,2018-11-14 13:45:00+05:30,366.35,366.35,366.35,0
538,366.35,2018-11-14 14:00:00+05:30,366.35,366.35,366.35,0
539,366.35,2018-11-14 14:15:00+05:30,366.35,366.35,366.35,0
540,366.35,2018-11-14 14:30:00+05:30,366.35,366.35,366.35,0
541,367.0,2018-11-14 14:45:00+05:30,367.0,366.35,366.35,75
542,370.0,2018-11-14 15:00:00+05:30,370.0,367.0,367.0,75
543,370.0,2018-11-14 15:15:00+05:30,370.0,370.0,370.0,0
544,366.45,2018-11-15 09:30:00+05:30,366.45,366.45,366.45,75
545,366.45,2018-11-15 09:45:00+05:30,366.45,366.45,366.45,0
546,366.45,2018-11-15 10:00:00+05:30,366.45,366.45,366.45,0
547,366.45,2018-11-15 10:15:00+05:30,366.45,366.45,366.45,0
548,366.45,2018-11-15 10:30:00+05:30,366.45,366.45,366.45,0
549,350.0,2018-11-15 10:45:00+05:30,366.45,350.0,366.45,75
550,350.0,2018-11-15 11:00:00+05:30,350.0,350.0,350.0,0
551,351.0,2018-11-15 11:15:00+05:30,351.0,350.0,350.0,75
552,342.0,2018-11-15 11:30:00+05:30,351.0,342.0,351.0,75
553,342.0,2018-11-15 11:45:00+05:30,342.0,342.0,342.0,0
554,342.0,2018-11-15 12:00:00+05:30,342.0,342.0,342.0,75
555,342.0,2018-11-15 12:15:00+05:30,342.0,342.0,342.0,0
556,342.0,2018-11-15 12:30:00+05:30,342.0,342.0,342.0,0
557,342.0,2018-11-15 12:45:00+05:30,342.0,342.0,342.0,0
558,332.6,2018-11-15 13:00:00+05:30,342.0,332.6,342.0,225
559,332.6,2018-11-15 13:15:00+05:30,332.6,332.6,332.6,0
560,332.6,2018-11-15 13:30:00+05:30,332.6,332.6,332.6,0
561,332.6,2018-11-15 13:45:00+05:30,332.6,332.6,332.6,0
562,332.6,2018-11-15 14:00:00+05:30,332.6,332.6,332.6,0
563,333.3,2018-11-15 14:15:00+05:30,335.0,311.7,332.6,600
564,325.7,2018-11-15 14:30:00+05:30,333.3,325.7,333.3,75
565,332.8,2018-11-15 14:45:00+05:30,332.8,325.7,325.7,150
566,339.65,2018-11-15 15:00:00+05:30,339.65,324.75,332.8,675
567,339.65,2018-11-15 15:15:00+05:30,339.65,339.65,339.65,0
568,318.3,2018-11-16 09:15:00+05:30,337.85,318.3,337.85,225
569,318.3,2018-11-16 09:30:00+05:30,318.3,318.3,318.3,0
570,304.05,2018-11-16 09:45:00+05:30,318.3,303.3,318.3,600
571,304.05,2018-11-16 10:00:00+05:30,304.05,304.05,304.05,0
572,304.05,2018-11-16 10:15:00+05:30,304.05,304.05,304.05,0
573,301.05,2018-11-16 10:30:00+05:30,304.05,299.55,304.05,300
574,307.95,2018-11-16 10:45:00+05:30,313.0,300.5,301.05,975
575,307.95,2018-11-16 11:00:00+05:30,307.95,307.95,307.95,600
576,312.65,2018-11-16 11:15:00+05:30,314.5,307.95,307.95,600
577,312.65,2018-11-16 11:30:00+05:30,312.65,312.65,312.65,0
578,312.65,2018-11-16 11:45:00+05:30,312.65,312.65,312.65,0
579,312.65,2018-11-16 12:00:00+05:30,312.65,312.65,312.65,0
580,312.65,2018-11-16 12:15:00+05:30,312.65,312.65,312.65,0
581,312.65,2018-11-16 12:30:00+05:30,312.65,312.65,312.65,0
582,312.65,2018-11-16 12:45:00+05:30,312.65,312.65,312.65,0
583,312.65,2018-11-16 13:00:00+05:30,312.65,312.65,312.65,0
584,312.65,2018-11-16 13:15:00+05:30,312.65,312.65,312.65,0
585,310.25,2018-11-16 13:30:00+05:30,316.35,310.25,312.65,525
586,310.25,2018-11-16 13:45:00+05:30,310.25,310.25,310.25,0
587,310.25,2018-11-16 14:00:00+05:30,310.25,310.25,310.25,0
588,310.25,2018-11-16 14:15:00+05:30,310.25,310.25,310.25,0
589,310.25,2018-11-16 14:30:00+05:30,310.25,310.25,310.25,0
590,310.25,2018-11-16 14:45:00+05:30,310.25,310.25,310.25,0
591,305.0,2018-11-16 15:00:00+05:30,315.0,305.0,310.25,375
592,306.0,2018-11-16 15:15:00+05:30,315.45,305.0,305.0,300
593,282.9,2018-11-19 09:15:00+05:30,291.6,279.7,279.7,2250
594,311.15,2018-11-19 09:30:00+05:30,311.15,282.9,282.9,675
595,293.95,2018-11-19 09:45:00+05:30,311.15,293.95,311.15,1350
596,294.0,2018-11-19 10:00:00+05:30,296.2,291.95,293.95,2925
597,295.65,2018-11-19 10:15:00+05:30,297.9,294.0,294.0,900
598,296.0,2018-11-19 10:30:00+05:30,301.9,295.65,295.65,8025
599,295.75,2018-11-19 10:45:00+05:30,296.0,295.5,296.0,225
600,295.45,2018-11-19 11:00:00+05:30,295.75,293.0,295.75,750
601,299.55,2018-11-19 11:15:00+05:30,299.55,295.45,295.45,750
602,297.0,2018-11-19 11:30:00+05:30,297.0,296.4,296.5,525
603,293.45,2018-11-19 11:45:00+05:30,297.0,293.45,297.0,225
604,293.45,2018-11-19 12:00:00+05:30,293.5,289.95,293.45,1125
605,291.0,2018-11-19 12:15:00+05:30,293.95,290.95,293.45,600
606,296.05,2018-11-19 12:30:00+05:30,296.05,291.0,291.0,750
607,294.95,2018-11-19 12:45:00+05:30,297.5,294.0,296.05,1725
608,294.45,2018-11-19 13:00:00+05:30,296.55,293.05,294.95,375
609,293.3,2018-11-19 13:15:00+05:30,294.45,291.5,294.45,525
610,289.45,2018-11-19 13:30:00+05:30,293.3,287.5,293.3,2550
611,289.05,2018-11-19 13:45:00+05:30,291.5,287.05,289.45,1800
612,283.55,2018-11-19 14:00:00+05:30,289.05,280.45,289.05,3150
613,286.0,2018-11-19 14:15:00+05:30,286.5,277.5,283.55,3525
614,276.5,2018-11-19 14:30:00+05:30,293.5,273.5,286.95,4050
615,278.4,2018-11-19 14:45:00+05:30,281.45,276.25,276.5,1575
616,273.95,2018-11-19 15:00:00+05:30,278.45,272.55,278.4,3150
617,264.5,2018-11-19 15:15:00+05:30,313.7,264.0,273.95,3900
618,289.0,2018-11-20 09:15:00+05:30,289.0,275.15,275.15,4125
619,281.0,2018-11-20 09:30:00+05:30,290.0,281.0,289.0,1200
620,277.5,2018-11-20 09:45:00+05:30,282.45,275.95,281.0,3825
621,284.05,2018-11-20 10:00:00+05:30,285.1,277.5,277.5,3600
622,287.45,2018-11-20 10:15:00+05:30,290.55,281.0,284.05,1575
623,287.5,2018-11-20 10:30:00+05:30,291.0,286.5,287.45,1350
624,288.0,2018-11-20 10:45:00+05:30,291.05,287.5,287.5,1650
625,291.0,2018-11-20 11:00:00+05:30,294.5,288.0,288.0,2550
626,293.0,2018-11-20 11:15:00+05:30,296.0,288.55,291.0,4125
627,296.0,2018-11-20 11:30:00+05:30,296.95,291.45,293.0,7725
628,289.55,2018-11-20 11:45:00+05:30,296.0,287.45,296.0,3375
629,286.45,2018-11-20 12:00:00+05:30,289.55,285.95,289.55,4050
630,285.0,2018-11-20 12:15:00+05:30,290.05,284.45,286.45,4200
631,290.05,2018-11-20 12:30:00+05:30,290.05,283.5,285.0,3525
632,295.45,2018-11-20 12:45:00+05:30,298.05,290.0,290.05,1200
633,300.85,2018-11-20 13:00:00+05:30,301.4,295.2,295.45,1050
634,297.85,2018-11-20 13:15:00+05:30,300.85,295.05,300.85,825
635,306.9,2018-11-20 13:30:00+05:30,306.9,297.7,297.85,900
636,301.25,2018-11-20 13:45:00+05:30,306.9,301.0,306.9,1200
637,313.0,2018-11-20 14:00:00+05:30,317.45,301.25,301.25,3525
638,321.0,2018-11-20 14:15:00+05:30,321.0,313.0,313.0,300
639,331.0,2018-11-20 14:30:00+05:30,331.0,321.0,321.0,300
640,323.75,2018-11-20 14:45:00+05:30,331.0,320.0,331.0,3900
641,315.15,2018-11-20 15:00:00+05:30,324.05,306.5,323.75,3150
642,339.85,2018-11-20 15:15:00+05:30,339.85,315.15,315.15,900
643,317.0,2018-11-21 09:15:00+05:30,318.0,310.0,318.0,450
644,340.0,2018-11-21 09:30:00+05:30,340.0,317.0,317.0,1725
645,341.6,2018-11-21 09:45:00+05:30,345.2,337.8,340.0,1650
646,349.6,2018-11-21 10:00:00+05:30,350.05,337.0,341.6,2250
647,371.7,2018-11-21 10:15:00+05:30,373.55,349.6,349.6,450
648,371.7,2018-11-21 10:30:00+05:30,379.2,365.0,371.7,450
649,369.15,2018-11-21 10:45:00+05:30,371.7,369.15,371.7,150
650,367.0,2018-11-21 11:00:00+05:30,369.15,367.0,369.15,75
651,370.0,2018-11-21 11:15:00+05:30,379.75,367.0,367.0,600
652,378.0,2018-11-21 11:30:00+05:30,378.0,370.0,370.0,150
653,364.35,2018-11-21 11:45:00+05:30,378.0,361.05,378.0,150
654,365.0,2018-11-21 12:00:00+05:30,365.0,364.35,364.35,150
655,361.4,2018-11-21 12:15:00+05:30,365.0,359.75,365.0,150
656,345.0,2018-11-21 12:30:00+05:30,361.4,345.0,361.4,75
657,362.05,2018-11-21 12:45:00+05:30,363.6,345.0,345.0,300
658,354.35,2018-11-21 13:00:00+05:30,365.0,354.35,362.05,375
659,361.6,2018-11-21 13:15:00+05:30,361.6,354.35,354.35,225
660,356.15,2018-11-21 13:30:00+05:30,361.6,356.15,361.6,525
661,353.2,2018-11-21 13:45:00+05:30,356.15,353.2,356.15,525
662,334.15,2018-11-21 14:00:00+05:30,353.2,334.15,353.2,975
663,330.35,2018-11-21 14:15:00+05:30,338.05,328.35,334.15,975
664,330.35,2018-11-21 14:30:00+05:30,330.35,330.35,330.35,0
665,340.0,2018-11-21 14:45:00+05:30,340.0,330.35,330.35,150
666,351.9,2018-11-21 15:00:00+05:30,351.9,340.0,340.0,150
667,342.6,2018-11-21 15:15:00+05:30,351.9,342.6,351.9,450
668,343.95,2018-11-22 09:15:00+05:30,343.95,330.0,330.0,1875
669,340.8,2018-11-22 09:30:00+05:30,343.95,339.2,343.95,225
670,330.0,2018-11-22 09:45:00+05:30,340.8,330.0,340.8,75
671,334.65,2018-11-22 10:00:00+05:30,334.65,330.0,330.0,600
672,335.9,2018-11-22 10:15:00+05:30,341.7,334.65,334.65,450
673,339.9,2018-11-22 10:30:00+05:30,339.9,333.95,335.9,1275
674,348.0,2018-11-22 10:45:00+05:30,348.0,339.9,339.9,900
675,347.75,2018-11-22 11:00:00+05:30,348.0,347.75,348.0,75
676,344.1,2018-11-22 11:15:00+05:30,347.75,344.1,347.75,1200
677,339.4,2018-11-22 11:30:00+05:30,344.1,337.6,344.1,2925
678,348.3,2018-11-22 11:45:00+05:30,348.3,339.4,339.4,600
679,346.2,2018-11-22 12:00:00+05:30,348.3,345.6,348.3,225
680,346.2,2018-11-22 12:15:00+05:30,346.2,346.2,346.2,0
681,330.3,2018-11-22 12:30:00+05:30,346.2,330.3,346.2,225
682,330.3,2018-11-22 12:45:00+05:30,330.3,330.3,330.3,0
683,362.6,2018-11-22 13:00:00+05:30,365.35,330.3,330.3,1050
684,381.0,2018-11-22 13:15:00+05:30,381.0,362.6,362.6,450
685,390.05,2018-11-22 13:30:00+05:30,390.05,377.0,381.0,750
686,380.2,2018-11-22 13:45:00+05:30,390.05,380.2,390.05,75
687,376.0,2018-11-22 14:00:00+05:30,380.2,375.3,380.2,150
688,379.75,2018-11-22 14:15:00+05:30,380.0,376.0,376.0,150
689,387.0,2018-11-22 14:30:00+05:30,391.05,379.0,379.75,5700
690,401.6,2018-11-22 14:45:00+05:30,408.55,386.0,387.0,14250
691,408.0,2018-11-22 15:00:00+05:30,414.0,393.0,401.6,5625
692,410.0,2018-11-22 15:15:00+05:30,413.0,401.05,408.0,5700
693,385.7,2018-11-26 09:15:00+05:30,393.8,359.0,368.0,1350
694,382.3,2018-11-26 09:30:00+05:30,400.55,382.3,385.7,975
695,390.0,2018-11-26 09:45:00+05:30,390.0,382.3,382.3,225
696,376.5,2018-11-26 10:00:00+05:30,390.0,376.5,390.0,300
697,400.0,2018-11-26 10:15:00+05:30,400.0,376.5,376.5,525
698,395.0,2018-11-26 10:30:00+05:30,400.0,393.0,400.0,150
699,398.0,2018-11-26 10:45:00+05:30,398.0,394.45,395.0,150
700,403.3,2018-11-26 11:00:00+05:30,403.4,398.0,398.0,2475
701,400.0,2018-11-26 11:15:00+05:30,403.3,400.0,403.3,75
702,410.0,2018-11-26 11:30:00+05:30,411.0,400.0,400.0,225
703,404.15,2018-11-26 11:45:00+05:30,420.0,404.15,410.0,525
704,400.0,2018-11-26 12:00:00+05:30,405.0,400.0,404.15,225
705,399.0,2018-11-26 12:15:00+05:30,400.3,399.0,400.0,300
706,390.0,2018-11-26 12:30:00+05:30,399.0,390.0,399.0,300
707,377.25,2018-11-26 12:45:00+05:30,390.0,377.25,390.0,150
708,383.15,2018-11-26 13:00:00+05:30,383.15,371.85,377.25,450
709,370.0,2018-11-26 13:15:00+05:30,383.15,370.0,383.15,300
710,350.0,2018-11-26 13:30:00+05:30,370.0,350.0,370.0,225
711,350.0,2018-11-26 13:45:00+05:30,350.0,350.0,350.0,0
712,343.0,2018-11-26 14:00:00+05:30,350.0,342.0,350.0,825
713,335.55,2018-11-26 14:15:00+05:30,343.0,328.0,343.0,1275
714,322.65,2018-11-26 14:30:00+05:30,335.55,317.15,335.55,600
715,322.6,2018-11-26 14:45:00+05:30,324.05,315.0,322.65,600
716,312.4,2018-11-26 15:00:00+05:30,326.2,312.4,322.6,825
717,312.0,2018-11-26 15:15:00+05:30,319.0,310.05,312.4,2700
718,332.55,2018-11-27 09:15:00+05:30,333.0,329.25,329.25,525
719,329.75,2018-11-27 09:30:00+05:30,333.95,329.75,332.55,825
720,329.75,2018-11-27 09:45:00+05:30,329.75,329.75,329.75,0
721,338.5,2018-11-27 10:00:00+05:30,344.6,329.75,329.75,375
722,329.45,2018-11-27 10:15:00+05:30,338.5,327.95,338.5,525
723,324.0,2018-11-27 10:30:00+05:30,329.45,324.0,329.45,150
724,324.0,2018-11-27 10:45:00+05:30,324.0,324.0,324.0,0
725,324.0,2018-11-27 11:00:00+05:30,324.0,324.0,324.0,0
726,338.5,2018-11-27 11:15:00+05:30,338.5,324.0,324.0,450
727,339.0,2018-11-27 11:30:00+05:30,339.0,338.5,338.5,75
728,339.2,2018-11-27 11:45:00+05:30,339.2,337.15,339.0,750
729,333.0,2018-11-27 12:00:00+05:30,339.65,332.95,339.2,1725
730,334.15,2018-11-27 12:15:00+05:30,334.15,333.0,333.0,75
731,335.0,2018-11-27 12:30:00+05:30,335.0,331.8,334.15,600
732,350.0,2018-11-27 12:45:00+05:30,350.0,335.0,335.0,300
733,304.0,2018-11-27 13:00:00+05:30,350.0,304.0,350.0,525
734,299.95,2018-11-27 13:15:00+05:30,310.0,297.4,304.0,4350
735,300.0,2018-11-27 13:30:00+05:30,308.1,300.0,302.2,3450
736,306.15,2018-11-27 13:45:00+05:30,308.5,292.95,300.0,4800
737,315.5,2018-11-27 14:00:00+05:30,325.55,306.15,306.15,750
738,311.45,2018-11-27 14:15:00+05:30,315.5,311.45,315.5,150
739,292.95,2018-11-27 14:30:00+05:30,311.45,290.1,311.45,3150
740,284.0,2018-11-27 14:45:00+05:30,293.05,280.55,292.95,3150
741,287.0,2018-11-27 15:00:00+05:30,290.45,280.55,284.0,6450
742,286.2,2018-11-27 15:15:00+05:30,290.1,282.55,287.0,3675
743,265.2,2018-11-28 09:15:00+05:30,266.15,257.75,265.95,17025
744,262.45,2018-11-28 09:30:00+05:30,267.25,260.5,265.2,17025
745,260.0,2018-11-28 09:45:00+05:30,262.45,255.3,262.45,6300
746,260.4,2018-11-28 10:00:00+05:30,261.55,258.5,260.0,4050
747,268.5,2018-11-28 10:15:00+05:30,268.5,258.6,260.4,1875
748,267.9,2018-11-28 10:30:00+05:30,272.55,264.0,268.5,9675
749,268.45,2018-11-28 10:45:00+05:30,270.05,265.55,267.9,5850
750,261.5,2018-11-28 11:00:00+05:30,268.45,261.05,268.45,825
751,260.0,2018-11-28 11:15:00+05:30,263.0,260.0,261.5,1050
752,260.5,2018-11-28 11:30:00+05:30,262.75,259.5,260.0,1050
753,256.55,2018-11-28 11:45:00+05:30,261.0,256.0,260.5,5100
754,256.5,2018-11-28 12:00:00+05:30,260.55,255.0,256.55,2700
755,249.75,2018-11-28 12:15:00+05:30,256.5,247.0,256.5,5475
756,248.95,2018-11-28 12:30:00+05:30,253.0,247.35,249.75,3000
757,258.65,2018-11-28 12:45:00+05:30,260.1,248.0,248.95,6900
758,254.0,2018-11-28 13:00:00+05:30,260.95,254.0,258.65,6975
759,260.85,2018-11-28 13:15:00+05:30,265.25,254.0,254.0,6825
760,261.3,2018-11-28 13:30:00+05:30,264.95,258.4,260.85,2625
761,256.15,2018-11-28 13:45:00+05:30,261.3,255.2,261.3,2625
762,267.2,2018-11-28 14:00:00+05:30,267.45,256.15,256.15,7275
763,260.3,2018-11-28 14:15:00+05:30,272.45,260.0,267.2,5475
764,254.45,2018-11-28 14:30:00+05:30,260.3,249.55,260.3,6225
765,260.5,2018-11-28 14:45:00+05:30,261.2,251.8,254.45,4050
766,263.55,2018-11-28 15:00:00+05:30,268.9,256.0,260.5,26625
767,272.3,2018-11-28 15:15:00+05:30,273.4,263.5,263.55,17625
768,222.4,2018-11-29 09:15:00+05:30,236.0,219.15,233.95,53850
769,213.45,2018-11-29 09:30:00+05:30,222.95,212.1,222.4,177825
770,213.1,2018-11-29 09:45:00+05:30,216.3,211.0,213.45,173700
771,214.15,2018-11-29 10:00:00+05:30,216.7,212.25,213.1,49125
772,207.5,2018-11-29 10:15:00+05:30,214.15,207.1,214.15,32250
773,204.4,2018-11-29 10:30:00+05:30,207.7,203.9,207.5,78075
774,205.85,2018-11-29 10:45:00+05:30,208.65,200.95,204.4,50250
775,210.1,2018-11-29 11:00:00+05:30,211.45,205.85,205.85,32100
776,203.0,2018-11-29 11:15:00+05:30,210.9,200.25,210.1,25575
777,207.45,2018-11-29 11:30:00+05:30,208.05,200.0,203.0,31650
778,208.9,2018-11-29 11:45:00+05:30,211.25,205.35,207.45,77700
779,207.15,2018-11-29 12:00:00+05:30,211.2,206.85,208.9,33150
780,206.0,2018-11-29 12:15:00+05:30,207.15,203.35,207.15,43725
781,206.25,2018-11-29 12:30:00+05:30,213.0,203.6,206.0,17025
782,199.85,2018-11-29 12:45:00+05:30,206.25,197.95,206.25,28050
783,200.25,2018-11-29 13:00:00+05:30,204.2,198.15,200.0,29925
784,204.05,2018-11-29 13:15:00+05:30,204.5,197.0,200.25,33450
785,204.0,2018-11-29 13:30:00+05:30,207.95,201.0,204.0,14250
786,201.9,2018-11-29 13:45:00+05:30,205.0,199.15,204.0,34650
787,190.25,2018-11-29 14:00:00+05:30,201.9,187.15,201.9,119025
788,194.0,2018-11-29 14:15:00+05:30,198.0,190.0,190.25,81450
789,199.05,2018-11-29 14:30:00+05:30,200.55,192.6,194.0,64275
790,194.25,2018-11-29 14:45:00+05:30,201.3,194.25,199.05,117000
791,204.05,2018-11-29 15:00:00+05:30,205.3,194.5,194.75,116100
792,192.95,2018-11-29 15:15:00+05:30,205.2,192.25,204.05,185850
793,189.5,2018-11-30 09:15:00+05:30,192.0,180.8,189.85,478725
794,181.5,2018-11-30 09:30:00+05:30,189.75,178.15,189.6,281325
795,189.35,2018-11-30 09:45:00+05:30,189.95,180.7,181.75,260100
796,186.65,2018-11-30 10:00:00+05:30,190.6,183.05,188.6,255150
797,185.7,2018-11-30 10:15:00+05:30,187.25,179.0,186.65,193425
798,185.35,2018-11-30 10:30:00+05:30,186.5,180.4,185.3,115650
799,184.05,2018-11-30 10:45:00+05:30,186.7,182.2,186.3,78075
800,179.0,2018-11-30 11:00:00+05:30,186.0,175.3,184.05,164700
801,180.45,2018-11-30 11:15:00+05:30,182.45,178.0,179.0,67500
802,192.25,2018-11-30 11:30:00+05:30,192.25,179.85,180.45,218625
803,191.85,2018-11-30 11:45:00+05:30,198.4,189.65,192.25,254625
804,193.9,2018-11-30 12:00:00+05:30,199.15,191.75,191.75,147000
805,193.1,2018-11-30 12:15:00+05:30,196.65,189.5,193.9,119100
806,192.0,2018-11-30 12:30:00+05:30,196.0,190.2,193.45,95025
807,200.5,2018-11-30 12:45:00+05:30,206.55,192.0,192.0,262500
808,206.0,2018-11-30 13:00:00+05:30,207.05,199.15,200.5,147825
809,208.05,2018-11-30 13:15:00+05:30,211.4,202.55,206.0,109500
810,212.0,2018-11-30 13:30:00+05:30,217.0,206.35,207.55,235650
811,214.55,2018-11-30 13:45:00+05:30,216.5,209.05,212.0,126375
812,211.95,2018-11-30 14:00:00+05:30,216.35,210.0,214.55,86700
813,218.85,2018-11-30 14:15:00+05:30,219.65,210.0,211.95,114150
814,199.0,2018-11-30 14:30:00+05:30,218.9,194.6,218.65,216900
815,213.0,2018-11-30 14:45:00+05:30,217.15,197.95,199.0,333525
816,201.65,2018-11-30 15:00:00+05:30,212.9,196.55,211.85,280350
817,191.9,2018-11-30 15:15:00+05:30,202.85,190.0,201.65,331050
818,184.35,2018-12-03 09:15:00+05:30,185.7,160.0,171.55,471225
819,180.45,2018-12-03 09:30:00+05:30,187.15,177.1,184.35,236025
820,179.0,2018-12-03 09:45:00+05:30,181.8,175.1,180.45,173325
821,181.4,2018-12-03 10:00:00+05:30,183.55,177.8,179.0,79350
822,179.3,2018-12-03 10:15:00+05:30,183.45,177.25,181.4,107925
823,182.55,2018-12-03 10:30:00+05:30,183.05,176.6,179.3,78225
824,189.3,2018-12-03 10:45:00+05:30,190.8,182.8,182.8,181725
825,189.35,2018-12-03 11:00:00+05:30,195.25,188.4,189.3,185925
826,191.5,2018-12-03 11:15:00+05:30,192.7,185.55,189.05,155025
827,195.6,2018-12-03 11:30:00+05:30,198.95,191.55,191.75,204150
828,204.2,2018-12-03 11:45:00+05:30,211.5,194.95,195.6,311925
829,208.95,2018-12-03 12:00:00+05:30,209.8,202.5,205.5,133650
830,206.65,2018-12-03 12:15:00+05:30,215.0,206.25,208.95,185700
831,205.8,2018-12-03 12:30:00+05:30,208.0,201.35,206.65,135825
832,212.65,2018-12-03 12:45:00+05:30,214.75,205.0,205.8,74550
833,203.8,2018-12-03 13:00:00+05:30,213.95,203.05,212.65,64425
834,198.0,2018-12-03 13:15:00+05:30,204.8,195.65,204.6,118050
835,188.05,2018-12-03 13:30:00+05:30,201.5,185.9,198.35,162225
836,183.05,2018-12-03 13:45:00+05:30,188.55,180.3,188.55,188175
837,187.15,2018-12-03 14:00:00+05:30,194.15,183.05,183.05,202275
838,199.05,2018-12-03 14:15:00+05:30,200.95,183.5,187.15,128400
839,198.1,2018-12-03 14:30:00+05:30,200.95,189.0,199.6,162375
840,190.45,2018-12-03 14:45:00+05:30,201.4,190.0,198.8,122250
841,184.8,2018-12-03 15:00:00+05:30,193.15,184.6,190.45,125025
842,180.55,2018-12-03 15:15:00+05:30,185.8,180.0,184.8,303675
843,202.5,2018-12-04 09:15:00+05:30,211.9,184.35,211.9,383625
844,201.9,2018-12-04 09:30:00+05:30,205.5,200.25,204.45,172200
845,200.95,2018-12-04 09:45:00+05:30,203.0,196.9,201.9,104325
846,197.3,2018-12-04 10:00:00+05:30,201.35,192.8,200.95,127050
847,199.5,2018-12-04 10:15:00+05:30,202.6,195.8,197.3,65625
848,198.5,2018-12-04 10:30:00+05:30,204.0,197.55,199.5,72900
849,203.65,2018-12-04 10:45:00+05:30,206.0,197.15,198.5,98475
850,206.95,2018-12-04 11:00:00+05:30,208.55,202.0,203.65,115500
851,206.2,2018-12-04 11:15:00+05:30,210.0,204.05,206.95,103425
852,203.9,2018-12-04 11:30:00+05:30,209.95,201.35,206.2,112425
853,201.15,2018-12-04 11:45:00+05:30,203.85,199.05,203.0,98400
854,196.75,2018-12-04 12:00:00+05:30,202.65,195.5,201.15,111150
855,196.75,2018-12-04 12:15:00+05:30,197.95,191.05,196.75,177075
856,197.7,2018-12-04 12:30:00+05:30,197.8,193.25,196.75,59325
857,196.5,2018-12-04 12:45:00+05:30,197.9,192.9,197.4,61500
858,196.65,2018-12-04 13:00:00+05:30,197.25,194.25,196.15,83325
859,202.1,2018-12-04 13:15:00+05:30,204.05,196.65,196.65,126375
860,184.3,2018-12-04 13:30:00+05:30,202.1,182.4,202.1,232200
861,184.25,2018-12-04 13:45:00+05:30,186.0,178.25,184.3,231900
862,188.25,2018-12-04 14:00:00+05:30,190.8,180.2,184.25,187350
863,187.45,2018-12-04 14:15:00+05:30,189.85,182.4,187.85,122100
864,186.25,2018-12-04 14:30:00+05:30,190.4,184.05,187.5,117900
865,186.5,2018-12-04 14:45:00+05:30,188.35,182.3,186.25,135375
866,184.75,2018-12-04 15:00:00+05:30,191.0,184.0,186.4,142350
867,186.25,2018-12-04 15:15:00+05:30,188.4,182.35,185.0,259575
868,218.2,2018-12-05 09:15:00+05:30,219.0,204.25,212.0,330225
869,216.5,2018-12-05 09:30:00+05:30,225.0,215.4,218.5,196425
870,222.4,2018-12-05 09:45:00+05:30,223.0,213.25,216.1,79350
871,217.65,2018-12-05 10:00:00+05:30,222.7,216.05,222.4,56325
872,218.45,2018-12-05 10:15:00+05:30,221.0,214.0,217.65,51000
873,222.0,2018-12-05 10:30:00+05:30,224.05,217.85,218.45,65550
874,220.0,2018-12-05 10:45:00+05:30,223.85,217.35,222.0,60675
875,220.85,2018-12-05 11:00:00+05:30,226.5,219.15,220.0,84675
876,220.0,2018-12-05 11:15:00+05:30,223.7,219.5,220.85,83850
877,218.8,2018-12-05 11:30:00+05:30,220.7,216.75,220.0,37200
878,219.1,2018-12-05 11:45:00+05:30,224.1,217.2,218.8,29625
879,216.05,2018-12-05 12:00:00+05:30,220.5,215.0,219.1,46350
880,211.35,2018-12-05 12:15:00+05:30,217.0,207.45,216.05,69225
881,213.65,2018-12-05 12:30:00+05:30,213.75,208.2,211.35,55500
882,214.0,2018-12-05 12:45:00+05:30,216.5,211.75,213.65,50250
883,212.7,2018-12-05 13:00:00+05:30,216.55,210.0,214.0,47400
884,214.0,2018-12-05 13:15:00+05:30,219.0,212.55,212.7,44100
885,216.6,2018-12-05 13:30:00+05:30,218.85,214.0,214.0,33225
886,222.75,2018-12-05 13:45:00+05:30,224.8,215.0,216.6,86250
887,218.8,2018-12-05 14:00:00+05:30,223.65,211.95,223.45,74925
888,217.25,2018-12-05 14:15:00+05:30,222.0,213.75,218.8,50100
889,221.0,2018-12-05 14:30:00+05:30,231.5,207.0,217.25,191025
890,229.05,2018-12-05 14:45:00+05:30,238.0,219.65,221.0,205800
891,215.25,2018-12-05 15:00:00+05:30,231.0,213.0,229.05,120750
892,209.9,2018-12-05 15:15:00+05:30,217.0,205.3,215.15,179250
893,274.05,2018-12-06 09:15:00+05:30,279.55,245.0,245.65,199275
894,285.9,2018-12-06 09:30:00+05:30,288.45,274.75,274.95,159300
895,292.65,2018-12-06 09:45:00+05:30,299.55,283.8,285.9,117375
896,296.1,2018-12-06 10:00:00+05:30,300.0,289.85,292.65,92775
897,292.85,2018-12-06 10:15:00+05:30,299.8,287.55,296.1,35250
898,295.45,2018-12-06 10:30:00+05:30,298.75,291.6,292.85,56625
899,309.0,2018-12-06 10:45:00+05:30,315.0,291.15,295.45,119100
900,305.8,2018-12-06 11:00:00+05:30,311.15,303.0,309.0,41775
901,299.65,2018-12-06 11:15:00+05:30,307.15,298.65,305.8,35175
902,299.4,2018-12-06 11:30:00+05:30,305.1,292.55,299.65,30300
903,304.25,2018-12-06 11:45:00+05:30,304.4,295.25,299.4,23100
904,305.05,2018-12-06 12:00:00+05:30,308.6,297.05,304.25,38550
905,302.15,2018-12-06 12:15:00+05:30,310.45,302.0,305.05,17100
906,297.3,2018-12-06 12:30:00+05:30,302.15,294.05,302.15,39975
907,282.45,2018-12-06 12:45:00+05:30,297.3,277.05,297.3,91350
908,279.1,2018-12-06 13:00:00+05:30,282.85,270.0,282.65,86475
909,283.0,2018-12-06 13:15:00+05:30,285.65,267.4,279.1,159225
910,301.0,2018-12-06 13:30:00+05:30,307.2,281.2,281.9,86400
911,314.45,2018-12-06 13:45:00+05:30,320.8,294.65,301.0,39300
912,316.25,2018-12-06 14:00:00+05:30,318.9,305.0,315.9,30825
913,327.45,2018-12-06 14:15:00+05:30,327.45,316.2,317.15,149550
914,330.0,2018-12-06 14:30:00+05:30,338.6,318.0,327.45,101625
915,332.85,2018-12-06 14:45:00+05:30,335.9,318.8,328.8,69000
916,341.7,2018-12-06 15:00:00+05:30,344.0,327.4,332.85,65250
917,343.05,2018-12-06 15:15:00+05:30,348.9,333.7,341.7,114450
918,304.3,2018-12-07 09:15:00+05:30,322.05,297.2,299.7,134400
919,308.0,2018-12-07 09:30:00+05:30,310.3,295.05,304.3,175125
920,315.25,2018-12-07 09:45:00+05:30,315.8,302.0,308.0,133800
921,309.1,2018-12-07 10:00:00+05:30,315.4,302.85,315.25,60000
922,304.0,2018-12-07 10:15:00+05:30,309.1,299.85,309.1,40275
923,303.95,2018-12-07 10:30:00+05:30,308.0,302.8,304.0,17700
924,307.5,2018-12-07 10:45:00+05:30,310.05,302.0,303.95,16275
925,308.05,2018-12-07 11:00:00+05:30,309.45,303.5,307.5,25425
926,310.7,2018-12-07 11:15:00+05:30,314.9,308.05,308.05,13050
927,319.35,2018-12-07 11:30:00+05:30,323.4,310.7,310.7,20025
928,314.35,2018-12-07 11:45:00+05:30,322.05,314.0,319.35,8850
929,317.0,2018-12-07 12:00:00+05:30,318.7,313.5,314.35,7800
930,296.5,2018-12-07 12:15:00+05:30,317.0,293.1,317.0,33150
931,301.0,2018-12-07 12:30:00+05:30,302.75,292.0,296.5,17400
932,313.3,2018-12-07 12:45:00+05:30,313.3,298.0,301.0,24300
933,317.0,2018-12-07 13:00:00+05:30,328.95,310.0,313.3,23475
934,321.9,2018-12-07 13:15:00+05:30,325.1,313.75,317.0,12900
935,302.25,2018-12-07 13:30:00+05:30,330.3,302.0,321.9,32250
936,296.55,2018-12-07 13:45:00+05:30,303.75,289.4,302.0,31650
937,290.35,2018-12-07 14:00:00+05:30,299.95,285.0,296.55,79200
938,295.35,2018-12-07 14:15:00+05:30,304.05,289.5,290.35,33600
939,274.0,2018-12-07 14:30:00+05:30,303.0,267.6,295.35,61875
940,272.7,2018-12-07 14:45:00+05:30,280.55,267.85,274.0,64350
941,258.0,2018-12-07 15:00:00+05:30,272.7,256.5,272.7,46725
942,255.0,2018-12-07 15:15:00+05:30,260.9,253.6,257.2,120900
943,384.3,2018-12-10 09:15:00+05:30,402.75,350.8,402.75,95925
944,399.0,2018-12-10 09:30:00+05:30,400.0,384.3,384.3,37200
945,405.0,2018-12-10 09:45:00+05:30,424.0,399.0,399.0,38850
946,411.1,2018-12-10 10:00:00+05:30,412.0,400.0,405.0,10500
947,402.0,2018-12-10 10:15:00+05:30,413.0,398.0,411.1,5625
948,403.0,2018-12-10 10:30:00+05:30,406.85,400.0,402.0,8175
949,401.95,2018-12-10 10:45:00+05:30,406.95,398.8,403.0,5025
950,396.05,2018-12-10 11:00:00+05:30,402.0,395.0,401.95,3900
951,379.05,2018-12-10 11:15:00+05:30,396.05,377.0,396.05,19725
952,382.0,2018-12-10 11:30:00+05:30,389.3,376.7,379.05,9225
953,381.6,2018-12-10 11:45:00+05:30,384.7,380.0,382.0,8850
954,375.85,2018-12-10 12:00:00+05:30,381.6,372.65,381.6,10875
955,388.1,2018-12-10 12:15:00+05:30,390.0,375.85,375.85,7575
956,383.0,2018-12-10 12:30:00+05:30,388.1,378.0,388.1,3075
957,385.05,2018-12-10 12:45:00+05:30,389.0,383.0,383.0,1575
958,381.1,2018-12-10 13:00:00+05:30,387.65,374.3,385.05,3300
959,385.0,2018-12-10 13:15:00+05:30,385.0,377.7,381.1,7875
960,385.0,2018-12-10 13:30:00+05:30,385.0,367.0,385.0,11850
961,405.9,2018-12-10 13:45:00+05:30,409.6,385.0,385.0,12825
962,405.6,2018-12-10 14:00:00+05:30,408.0,394.7,405.9,10650
963,411.8,2018-12-10 14:15:00+05:30,418.05,401.95,405.6,14325
964,404.5,2018-12-10 14:30:00+05:30,420.0,398.0,411.8,26175
965,413.3,2018-12-10 14:45:00+05:30,414.5,399.95,404.5,13800
966,412.7,2018-12-10 15:00:00+05:30,425.3,408.0,413.3,42075
967,435.0,2018-12-10 15:15:00+05:30,435.0,412.7,412.7,43950
